startup_id,startup_name,degree,betweenness,closeness
208898,Rouge Reel,0.006544502617801047,0.0,0.6470588235294118
477189,GameMiles / Miles &amp; Points Entertainment,0.003926701570680628,0.0,1.0
477190,MobyDigital,0.003926701570680628,0.0,1.0
108553,CME Group,0.005235602094240838,3.0,1.0
618511,kurv,0.002617801047120419,0.0,1.0
481296,ClasApp,0.0013089005235602095,0.0,1.0
518162,US Nuclear Regulatory Commission,0.002617801047120419,0.0,0.6666666666666666
505878,NetNet Social,0.005235602094240838,0.0,1.0
579613,PetalDrop Mineral Water,0.0013089005235602095,0.0,1.0
213022,Endeavor Global,0.09424083769633508,0.0,0.9090909090909091
229070,Geniusly,0.04712041884816754,0.0,0.1912889935256033
36897,Ecosense Lighting,0.09424083769633508,0.0,0.9090909090909091
36899,The Savvy Source,0.09424083769633508,0.0,0.9090909090909091
280612,Athleta (sold to GAP),0.09424083769633508,0.0,0.9090909090909091
36902,Caisfunds,0.09424083769633508,0.0,0.9090909090909091
280615,Color Kinetics (IPO & sold to Philipps),0.09424083769633508,0.0,0.9090909090909091
509992,Actitud Web,0.0013089005235602095,0.0,0.16718106995884774
280617,Internet Securities (sold to Euromoney),0.09424083769633508,0.0,0.9090909090909091
38955,Telefonica,0.010471204188481676,1284.0,0.24109792284866471
280620,aQuantive (IPO & sold to Microsoft),0.09424083769633508,0.0,0.9090909090909091
280621,Violin Memory (IPO),0.09424083769633508,0.0,0.9090909090909091
354355,Con Vista al Mar,0.002617801047120419,0.0,1.0
81975,Netoven,0.002617801047120419,0.0,0.6666666666666666
501820,feria,0.0013089005235602095,0.0,1.0
356414,Oficinamoderna.com,0.005235602094240838,0.0,0.18227706113292202
317503,"Handouts, Inc",0.010471204188481676,0.3333333333333333,0.5263157894736842
184384,Red Brick Systems,0.007853403141361256,0.0,1.0
274498,Exo,0.09424083769633508,0.0,0.9090909090909091
174147,MTV/Viacom Media Networks,0.005235602094240838,0.0,0.19472738166566805
71752,HP Software,0.003926701570680628,0.0,0.5599999999999999
180301,Officenet,0.010471204188481676,0.3333333333333333,0.5263157894736842
180302,Quasar Ventures,0.10209424083769633,140.3333333333333,0.9756097560975611
180303,Wanako Games,0.009162303664921465,0.0,0.5228758169934641
131153,"Cloudadmin, Inc",0.04712041884816754,0.0,0.1912889935256033
264547,Survmetrics,0.04712041884816754,0.0,0.1912889935256033
38997,Toyota,0.009162303664921465,0.0,0.17105263157894737
223318,The Bubble,0.04712041884816754,0.0,0.1912889935256033
58041,Wound Care Technologies,0.015706806282722512,0.0,0.2191503708698584
493583,Lookeate,0.007853403141361256,8.0,1.0
20573,Planwise,0.002617801047120419,0.0,0.53125
63582,United Virtualities,0.005235602094240838,0.0,1.0
49247,Lend Lease,0.002617801047120419,0.0,1.0
487520,451,0.005235602094240838,0.0,0.7
63586,Gamifier,0.04057591623036649,0.0,0.23861967694566813
551092,VMN Software Critico,0.006544502617801047,0.0,0.1774017467248908
487524,Zyk?sthenia,0.005235602094240838,0.0,0.7
311655,Funnely,0.04712041884816754,0.0,0.1912889935256033
512109,Red Link,0.006544502617801047,0.0,0.1774017467248908
554685,Fresh Choice,0.007853403141361256,0.0,0.6071428571428572
270696,Eachnet (acquired by eBay),0.09424083769633508,0.0,0.9090909090909091
495731,trinkoo,0.002617801047120419,1.0,1.0
469326,MobLabs,0.04057591623036649,0.0,0.23861967694566813
125045,Adsnative,0.09424083769633508,0.0,0.9090909090909091
22648,NXTP Labs,0.07722513089005235,28846.576190476244,0.30009233610341646
53370,Simpli.fi,0.09424083769633508,0.0,0.9090909090909091
47228,Masterfoods,0.009162303664921465,0.0,0.20337922403003755
397438,autominuto.com,0.0013089005235602095,0.0,1.0
288897,Post + BIM,0.009162303664921465,0.0,0.2090032154340836
30850,Sinimanes,0.006544502617801047,0.6666666666666666,0.16137040714995035
372075,Vates,0.007853403141361256,0.0,1.0
235652,Go and Up,0.002617801047120419,0.0,1.0
488470,WpointStudio,0.006544502617801047,0.0,0.128053585500394
379016,Quanthica,0.011780104712041885,28.0,0.8461538461538461
488471,Sourcing Up,0.006544502617801047,0.0,0.128053585500394
505197,Denimtex SRL,0.009162303664921465,0.0,0.6666666666666666
452753,FG Angels Syndicate Fund II,0.09424083769633508,0.0,0.9090909090909091
358548,Real Trends,0.005235602094240838,20800.085714285644,0.3020446096654275
487573,Graion,0.002617801047120419,0.0,0.5833333333333334
127129,Double Doods,0.01832460732984293,646.0,0.20012315270935963
32922,OLX,0.005235602094240838,0.0,0.75
231791,BothMedia,0.005235602094240838,1.0,1.0
127138,T&G Minds,0.002617801047120419,0.0,0.16692347200821778
57512,HP Enterprise Services,0.003926701570680628,0.0,0.6666666666666666
82089,Devicescape,0.003926701570680628,0.0,0.20249221183800623
18602,InsideVault,0.010471204188481676,454.33333333333616,0.2353367125271542
264903,Brainedpage,0.009162303664921465,0.0,0.2230610844200412
553132,CanPharma Labs,0.002617801047120419,0.0,1.0
53421,Lemon,0.002617801047120419,0.0,1.0
53422,BuscaPe,0.007853403141361256,0.0,0.2192982456140351
202927,Shyp,0.09424083769633508,0.0,0.9090909090909091
190642,MyCoffeeBox,0.04712041884816754,0.0,0.1912889935256033
217268,Hexacta,0.005235602094240838,0.0,0.75
551094,Transporte Stelli,0.006544502617801047,0.0,0.1774017467248908
489657,ElectroSmart,0.003926701570680628,10.0,0.5789473684210527
145595,Vinylfy,0.04057591623036649,0.0,0.23861967694566813
227516,Bukeala,0.020942408376963352,2226.0,0.20074119827053738
36900,Fiksu,0.09424083769633508,0.0,0.9090909090909091
493197,SongKernel,0.0013089005235602095,0.0,1.0
37058,Ushi,0.09424083769633508,0.0,0.9090909090909091
64203,Sontra,0.015706806282722512,0.0,0.2191503708698584
323780,ExpensasOnline,0.007853403141361256,645.9999999999999,0.16489091831557584
593612,SolidOpinion,0.015706806282722512,0.0,0.2191503708698584
336074,Guala,0.015706806282722512,0.0,0.19987699876998768
512203,Maberik,0.0013089005235602095,0.0,0.6666666666666666
65744,Globant,0.015706806282722512,4110.0,0.2222982216142271
112849,TasteSpace,0.05366492146596859,1600.6666666666665,0.19185360094451004
424149,Raskovsky & Asociados | Abogados,0.0013089005235602095,0.0,1.0
473302,EscuelasEnRed.com.ar,0.007853403141361256,0.0,0.17769272826681246
499928,+OTROS,0.002617801047120419,0.0,0.4
473305,YaQueVoy,0.011780104712041885,390.0,0.2142386288727752
315610,Philips Medical Systems,0.0013089005235602095,0.0,1.0
84187,Walt Disney Internet Group,0.003926701570680628,0.0,0.18217488789237668
45276,Sony Music Entertainment,0.0013089005235602095,0.0,1.0
67809,QuickPlay Media,0.003926701570680628,0.0,0.8
51426,Endeavor Argentina,0.013089005235602094,6384.0,0.20161290322580647
413923,Figgu,0.0013089005235602095,0.0,1.0
489700,Turismocity,0.003926701570680628,10.0,0.6363636363636364
39143,Buuteeq,0.09424083769633508,0.0,0.9090909090909091
174313,yap.TV,0.017015706806282723,0.0,1.0
415984,Genencor International,0.006544502617801047,0.0,0.5862068965517242
280616,Americanas.com (merged with Submarino),0.09424083769633508,0.0,0.9090909090909091
116978,Sanborn Media Factory,0.006544502617801047,0.0,0.5714285714285714
547060,TD International,0.006544502617801047,0.0,1.0
227580,AD60,0.006544502617801047,0.0,0.5714285714285714
256256,Park City Mountain Resort,0.005235602094240838,0.0,0.46153846153846156
235777,TeraCode,0.003926701570680628,324.0,0.1807563959955506
33026,AdChina,0.09424083769633508,0.0,0.9090909090909091
147715,Baker Hughes,0.002617801047120419,0.0,0.1546882436934793
375044,Smowtion,0.011780104712041885,0.0,0.16962421711899792
342278,HESIODO,0.003926701570680628,0.0,0.16121031746031747
340012,Crol.io,0.04712041884816754,0.0,0.1912889935256033
229644,Founders Place Palermo,0.003926701570680628,0.0,1.0
123266,ONtheGO Platforms,0.09424083769633508,0.0,0.9090909090909091
426263,Universidad de Buenos Aires,0.006544502617801047,3368.4999999999973,0.21724598930481284
110980,Xtreamis,0.003926701570680628,0.0,1.0
332847,Taller Technologies,0.003926701570680628,0.0,1.0
205085,Vumii Imaging ,0.006544502617801047,0.0,1.0
43296,Sprint,0.011780104712041885,0.0,0.16962421711899792
424230,Socialcense,0.002617801047120419,11.0,0.5217391304347826
424232,Willdom,0.0013089005235602095,0.0,0.3529411764705882
106796,El Cronista,0.003926701570680628,0.0,0.17876787678767878
106797,La Nacion,0.003926701570680628,0.0,0.17876787678767878
383281,ShareMyPhone,0.005235602094240838,0.0,0.16971279373368145
295221,Uomotors,0.0013089005235602095,0.0,0.5714285714285714
504119,Flimper,0.01832460732984293,60.0,1.0
504120,Vipoplas,0.002617801047120419,0.0,0.5384615384615384
504121,DescuentosARG,0.010471204188481676,3.0,0.7
24893,The Social Radio,0.010471204188481676,0.0,0.23705324580598106
22847,Assured Labor,0.010471204188481676,0.0,0.23705324580598106
123201,Eventdoo,0.010471204188481676,0.0,0.23705324580598106
47429,Travelocity,0.0013089005235602095,0.0,0.5714285714285714
510279,CoinFabrik,0.005235602094240838,1.5,0.19208037825059102
272717,Enzyme Venture Capital,0.020942408376963352,502.7500000000014,0.2412769116555308
57678,Solar Cells Inc (Former First Solar),0.007853403141361256,0.0,1.0
57679,Alternative Resource Electric Corp,0.007853403141361256,0.0,1.0
57680,Advanced Technology Industries Inc,0.007853403141361256,0.0,1.0
57681,Enviromental Prototype Homes of Tomorrow Inc,0.007853403141361256,0.0,1.0
487763,Sin Rutina,0.003926701570680628,2.0,1.0
57684,EPHOTinc,0.007853403141361256,0.0,1.0
272727,Copernico Capital Partners,0.009162303664921465,0.0,0.2090032154340836
272728,Burato.net,0.009162303664921465,0.0,0.2090032154340836
489821,Areaoff,0.002617801047120419,1.0,1.0
428212,Song Kernel,0.0013089005235602095,0.0,1.0
133862,CINEPAPAYA,0.04057591623036649,0.0,0.23861967694566813
106854,Flextracker,0.003926701570680628,0.0,0.22184300341296928
37223,Fnbox,0.015706806282722512,0.0,0.2191503708698584
360,Olapic,0.0013089005235602095,0.0,1.0
67947,Renault,0.003926701570680628,0.0,0.6666666666666666
164204,State,0.09424083769633508,0.0,0.9090909090909091
33135,Microsoft,0.009162303664921465,3387.2,0.2252252252252252
620606,Wayniloans,0.006544502617801047,1121.5,0.2368804664723032
420214,Lectorati,0.005235602094240838,0.0,0.19472738166566805
301436,Simple Transit,0.005235602094240838,0.0,0.75
489853,Cooperativa de Trabajo Equality,0.0013089005235602095,0.0,0.6666666666666666
51585,Avaya,0.011780104712041885,390.0,0.2142386288727752
27010,AgeNation,0.002617801047120419,0.0,0.6666666666666666
270723,Pi-Coral,0.09424083769633508,0.0,0.9090909090909091
594308,Expensas Online,0.002617801047120419,0.0,0.14167393199651263
362888,Quaddra Software,0.09424083769633508,0.0,0.9090909090909091
418186,PRECISO,0.007853403141361256,322.0,0.2192982456140351
246157,brandart,0.003926701570680628,0.0,1.0
221582,Anheuser-Busch Inbev,0.0013089005235602095,0.0,0.13303315595579207
10645,NRG llp,0.007853403141361256,0.0,1.0
63895,Konica Minolta Business Solutions,0.002617801047120419,0.0,1.0
108957,HashPlay,0.003926701570680628,0.0,1.0
452800,ShareSmartphone Service,0.005235602094240838,0.0,0.16971279373368145
80291,Neoris,0.005235602094240838,0.0,0.18227706113292202
404291,Wisboo,0.030104712041884817,9356.616666666683,0.24583963691376703
160174,RABBL,0.09424083769633508,0.0,0.9090909090909091
557496,Apicatus,0.002617801047120419,0.0,0.21841397849462366
455104,Datahipsters,0.0013089005235602095,0.0,0.16121031746031747
33218,IBM,0.032722513089005235,15144.114285714244,0.27896995708154504
74184,Royal Dutch Shell,0.006544502617801047,32.0,0.6315789473684211
123381,Social Tools,0.04712041884816754,0.0,0.1912889935256033
471500,Prisett,0.002617801047120419,0.0,0.1991421568627451
95309,BBVA,0.005235602094240838,0.0,0.16778523489932887
201123,Lazos Argentinos,0.005235602094240838,0.0,0.5714285714285714
322005,Wolox,0.003926701570680628,0.0,0.5599999999999999
512470,Bondi Paleo,0.006544502617801047,0.0,1.0
322008,Impulso Labs,0.013089005235602094,320.0,0.14652840396753833
410074,Guarnic,0.002617801047120419,0.0,0.22033898305084745
51279,Startup Grind,0.003926701570680628,0.0,0.23792093704245976
494045,Colegio de Ingenieros Especialistas de la Provincia de Santa Fe- Distrito II,0.0013089005235602095,0.0,0.6666666666666666
223712,Sentisis,0.04712041884816754,0.0,0.1912889935256033
580065,Spirit Consulting,0.002617801047120419,0.0,1.0
481764,DeptoLibre,0.005235602094240838,0.0,0.18227706113292202
394663,ReservaRest?,0.009162303664921465,481.5,0.16804550155118925
270831,iLovMode,0.009162303664921465,372.81428571428586,0.24923312883435586
598512,ReservaTurno,0.003926701570680628,2547.880952380957,0.25252525252525254
201202,Jotatec,0.005235602094240838,0.0,0.5714285714285714
49651,Net-People,0.015706806282722512,0.0,0.19987699876998768
49653,Novacash,0.015706806282722512,0.0,0.19987699876998768
49654,iKen Solutions Pvt. Ltd.,0.015706806282722512,0.0,0.19987699876998768
422391,"Negri, Torres & Figueroa Contreras",0.003926701570680628,0.0,0.4782608695652174
68088,Recommind,0.007853403141361256,0.0,1.0
45563,IBM Software Labs,0.003926701570680628,0.0,0.1801552106430155
119295,infobae.com,0.020942408376963352,3150.0,0.17051416579223505
49668,Gemalto,0.011780104712041885,390.0,0.2142386288727752
352773,Brandtrack.fm,0.05759162303664921,11927.0,0.2296819787985866
32069,Bling Nation,0.009162303664921465,0.0,0.1951951951951952
352775,Genwords,0.051047120418848166,2332.4999999999995,0.2412769116555308
406036,Vint,0.005235602094240838,0.0,0.75
414241,CoderHouse,0.005235602094240838,0.0,0.22663877266387727
152099,TopicFlower,0.011780104712041885,14.999999999999998,0.196256038647343
260650,Wavestack,0.04712041884816754,0.0,0.1912889935256033
21042,SendHub,0.09424083769633508,0.0,0.9090909090909091
434739,Infinite Ventures Malaysia,0.0013089005235602095,0.0,1.0
39478,Novartis,0.0013089005235602095,0.0,1.0
279348,Accor Hotels,0.0013089005235602095,0.0,1.0
211513,Bulltick Capital Markets,0.003926701570680628,0.0,0.20236612702366127
415839,mapsology,0.0013089005235602095,0.0,0.5714285714285714
371260,RLF CAPITAL MANAGEMENT,0.005235602094240838,0.0,1.0
371261,ASPRO GNC,0.005235602094240838,0.0,1.0
371262,Brno University of Technology,0.005235602094240838,0.0,1.0
371263,Acondicionadora Cereales Bah?a Blanca,0.005235602094240838,0.0,1.0
20235,OmbuShop,0.015706806282722512,0.0,0.19987699876998768
510537,Kleppe S.A.,0.005235602094240838,0.0,1.0
37450,Core Security Technologies,0.005235602094240838,324.0,0.19208037825059102
510540,Cuaribar S.A.,0.005235602094240838,0.0,1.0
510541,Kleppe,0.005235602094240838,0.0,1.0
390584,Unbound VR,0.010471204188481676,3884.03333333333,0.2200406228842248
41554,ExxonMobil,0.002617801047120419,0.0,0.6666666666666666
47700,Independent Consultant,0.006544502617801047,0.0,0.5714285714285714
35417,Popego,0.003926701570680628,0.0,0.8
498266,Pilgrim,0.0013089005235602095,0.0,1.0
479835,Paez Shoes,0.006544502617801047,0.0,0.23247496423462088
479836,MACA,0.006544502617801047,0.0,0.23247496423462088
125533,Modern Meadow,0.09424083769633508,0.0,0.9090909090909091
172638,BankBoston,0.005235602094240838,0.0,0.22169167803547066
313951,Grupo Vi-Da,0.009162303664921465,0.0,0.14633048176497074
224557,Kalakai,0.009162303664921465,0.0,0.1951951951951952
51815,Greenberg Traurig PA,0.04057591623036649,0.0,0.23861967694566813
217704,NuVerse,0.009162303664921465,0.0,0.6666666666666666
51817,Contemporanea,0.04057591623036649,0.0,0.23861967694566813
51818,Gemelos,0.04057591623036649,0.0,0.23861967694566813
463975,Vatler,0.09424083769633508,0.0,0.9090909090909091
485996,MerIT,0.002617801047120419,0.0,0.4444444444444444
432752,Clic Head,0.0013089005235602095,0.0,1.0
369269,Quantifind,0.003926701570680628,0.0,1.0
141944,Humin,0.09424083769633508,0.0,0.9090909090909091
432762,Localprop,0.0013089005235602095,0.0,1.0
520830,FG Angels Syndicate Fund III,0.09424083769633508,0.0,0.9090909090909091
129665,Cordis Corporation,0.007853403141361256,0.0,0.6071428571428572
494210,Trision,0.014397905759162303,956.0,0.2006172839506173
33411,Motorola,0.009162303664921465,0.0,0.1951951951951952
43652,Capgemini,0.010471204188481676,646.0,0.17788724685276408
146053,Sony Computer Entertainment,0.005235602094240838,0.0,0.1896149358226371
144006,MexicoDestinos,0.04712041884816754,0.0,0.1912889935256033
195210,Sprig,0.0013089005235602095,0.0,0.5151515151515151
27275,MySollars,0.0013089005235602095,0.0,0.5714285714285714
170638,Incutex,0.011780104712041885,2227.333333333333,0.19649334945586455
25231,Fanwards,0.04057591623036649,0.0,0.23861967694566813
64144,Cupoint,0.010471204188481676,454.33333333333616,0.2353367125271542
133785,Kloc,0.005235602094240838,0.0,0.8333333333333334
39579,Citigroup,0.017015706806282723,4569.299999999996,0.2531152647975078
570014,Simple Candidate,0.0013089005235602095,0.0,0.6666666666666666
31393,Latinda,0.0013089005235602095,0.0,1.0
404131,Obsequio,0.002617801047120419,0.0,0.5063291139240506
419953,My Hall,0.0013089005235602095,0.0,1.0
539304,Inputmobi,0.006544502617801047,4.0,1.0
41641,Deloitte Consulting,0.014397905759162303,1284.0,0.2038895859473024
588461,Wikimedia Argentina,0.0013089005235602095,0.0,0.23214285714285715
70318,Schneider Electric,0.0013089005235602095,0.0,1.0
500399,Digital Tape,0.002617801047120419,0.0,1.0
424051,BuscoEstudiar.com,0.015706806282722512,0.0,0.19987699876998768
33848,Amyris Biotechnologies,0.006544502617801047,0.0,0.5862068965517242
477880,Mixmax,0.002617801047120419,0.0,0.4375
271033,Gobierno de la Ciudad de Buenos Aires,0.002617801047120419,0.0,1.0
217789,PAEZ,0.006544502617801047,0.0,0.23247496423462088
74431,Oracle,0.005235602094240838,0.0,0.21900269541778974
498374,Gesto,0.0013089005235602095,0.0,1.0
37575,Yahoo,0.0013089005235602095,0.0,1.0
494283,Jomofis,0.003926701570680628,0.0,0.17876787678767878
37586,Unilever,0.005235602094240838,0.0,0.24038461538461536
357076,Limbo Digital,0.0013089005235602095,0.0,1.0
355033,Livedeos,0.002617801047120419,0.0,1.0
183002,TheFanLeague,0.003926701570680628,160.5,0.21900269541778974
537308,Flexsensing,0.003926701570680628,0.0,0.22184300341296928
221917,Vorcu,0.002617801047120419,0.0,1.0
314079,indie Producers Guild (iPG),0.0013089005235602095,0.0,1.0
533218,Passto,0.014397905759162303,646.0,0.1698014629049112
355043,Three Rabbits Inc.,0.002617801047120419,0.0,1.0
355044,Moviclips,0.002617801047120419,0.0,1.0
359142,Koibanx,0.005235602094240838,1.0,1.0
359143,Clarin Digital,0.002617801047120419,0.0,1.0
31465,Scoutzie,0.0013089005235602095,0.0,0.5555555555555556
174832,Nokter ,0.002617801047120419,0.0,0.18005540166204986
201460,LandModa,0.04712041884816754,0.0,0.1912889935256033
183029,Orion Labs,0.09424083769633508,0.0,0.9090909090909091
133879,Space Systems/Loral,0.0013089005235602095,0.0,0.5151515151515151
371448,Biomarin Pharmaceutical Inc,0.02225130890052356,109.0,1.0
70393,Puerto Finanzas,0.009162303664921465,8.0,0.7333333333333334
533243,Trocafone,0.007853403141361256,0.0,0.5194805194805194
594685,Fundaci?n Lo Mejor de M?,0.002617801047120419,0.0,0.14167393199651263
183044,Booking.com,0.002617801047120419,0.0,0.4375
37637,Oracle Corporation,0.002617801047120419,0.0,0.6666666666666666
305281,Mall4G,0.005235602094240838,0.0,0.16472377090724785
181001,ICBC,0.002617801047120419,0.0,1.0
445210,Praxair Inc.,0.003926701570680628,0.0,0.5217391304347826
235653,Ocito,0.002617801047120419,0.0,1.0
37665,McKinsey & Company,0.01832460732984293,385.1166666666684,0.24109792284866471
47910,Genome Compiler,0.09424083769633508,0.0,0.9090909090909091
39719,Canon,0.0013089005235602095,0.0,0.5714285714285714
445224,Bab?,0.002617801047120419,0.0,0.18005540166204986
39722,Meltwater Group,0.005235602094240838,0.0,0.22663877266387727
416557,eRemarketing,0.006544502617801047,1.3333333333333333,0.16480730223123732
322013,GearTranslations,0.003926701570680628,0.0,0.5599999999999999
37680,Novell,0.017015706806282723,0.0,1.0
119602,myNeeds,0.0013089005235602095,0.0,1.0
37684,Visa,0.0013089005235602095,0.0,0.6666666666666666
416565,Timefly,0.04057591623036649,0.0,0.23861967694566813
76599,TICTAPPS,0.0013089005235602095,0.0,1.0
200500,EntrenaYa,0.04712041884816754,0.0,0.1912889935256033
74554,Oony,0.010471204188481676,0.0,0.23705324580598106
39741,Level 3,0.005235602094240838,0.0,0.16778523489932887
37697,Johnson Controls,0.0013089005235602095,0.0,0.18851508120649652
459587,apleno.net,0.0013089005235602095,0.0,1.0
459590,pymesenlaweb.com,0.0013089005235602095,0.0,1.0
37707,Genentech,0.006544502617801047,0.0,0.5862068965517242
543569,Pccounter,0.005235602094240838,0.0,0.5833333333333334
296419,weetsale,0.003926701570680628,0.0,1.0
41812,Verizon,0.002617801047120419,0.0,0.21841397849462366
444559,Unisend Latinamerican Bitcoin Exchange,0.003926701570680628,0.0,0.20236612702366127
148325,Skykick,0.09424083769633508,0.0,0.9090909090909091
52070,Gameloft,0.002617801047120419,0.0,1.0
1124,500 Startups,0.04712041884816754,0.0,0.1912889935256033
252779,Personi.fi (now part of Collective Media),0.09424083769633508,0.0,0.9090909090909091
324462,invap,0.003926701570680628,0.0,1.0
504687,RealRef,0.005235602094240838,0.0,0.24038461538461536
504693,RealRef,0.006544502617801047,6666.0,0.2443609022556391
197501,Compass,0.09424083769633508,0.0,0.9090909090909091
211844,Cine+,0.04712041884816754,0.0,0.1912889935256033
88974,Fiat Auto,0.007853403141361256,0.0,1.0
504719,Siempre Atentos,0.007853403141361256,0.0,1.0
504722,Picound,0.007853403141361256,0.0,1.0
504723,Diproach,0.007853403141361256,0.0,1.0
504724,Mooral,0.007853403141361256,0.0,1.0
504726,Coasin,0.007853403141361256,0.0,1.0
256919,Baazee (acquired by eBay),0.09424083769633508,0.0,0.9090909090909091
51695,www.Idea.me,0.04057591623036649,0.0,0.23861967694566813
37788,Mercadolibre,0.017015706806282723,26360.828571428538,0.30747398297067174
400287,Codealike,0.010471204188481676,39.0,0.7857142857142857
261029,GoFiesta,0.002617801047120419,0.0,1.0
37798,Inmac,0.017015706806282723,0.0,1.0
37799,Serious Development,0.017015706806282723,0.0,1.0
37800,Bravo! Marketing,0.017015706806282723,0.0,1.0
37801,Icommerce,0.017015706806282723,0.0,1.0
37802,Jacent Technologies,0.017015706806282723,0.0,1.0
37803,Realm Systems,0.017015706806282723,0.0,1.0
598514,CertiSur,0.002617801047120419,0.0,0.2263231197771588
37806,Boston Scientific,0.007853403141361256,0.0,0.6071428571428572
218033,Restorando,0.10471204188481675,296.33333333333326,1.0
215990,Blue Shield of California,0.002617801047120419,0.0,0.53125
246711,SpreadShout,0.009162303664921465,0.0,0.2230610844200412
355261,EmprendING,0.005235602094240838,0.0,0.2066115702479339
136082,Fligoo,0.04057591623036649,0.0,0.23861967694566813
365045,InsideLang.com,0.002617801047120419,0.0,1.0
365046,Tribalo.net,0.002617801047120419,0.0,1.0
531402,Weesdom,0.002617801047120419,0.0,0.2484709480122324
89036,Savannah College of Art and Design,0.010471204188481676,0.0,0.16778523489932887
191440,"Shovel apps, Inc.",0.013089005235602094,632.0,0.2004935225169648
240593,Research Now,0.005235602094240838,0.0,0.2066115702479339
404435,Vouch Financial,0.09424083769633508,0.0,0.9090909090909091
144198,Walkmore,0.09424083769633508,0.0,0.9090909090909091
125912,OKpanda,0.003926701570680628,0.0,1.0
60384,A9.com,0.007853403141361256,0.0,1.0
48097,Standard & Poor's,0.0013089005235602095,0.0,0.18851508120649652
97250,Central Intelligence Agency,0.006544502617801047,0.0,1.0
76774,WePlann,0.04712041884816754,0.0,0.1912889935256033
85841,HICKIES,0.015706806282722512,0.0,0.2191503708698584
78824,Ideame,0.003926701570680628,0.0,0.8
533481,Estudio Levene,0.002617801047120419,0.0,0.6666666666666666
568300,pan american energy,0.0013089005235602095,0.0,1.0
445427,Fitnity,0.04450261780104712,4515.7690476190455,0.2533125487139517
570356,StyleWhere,0.0013089005235602095,0.0,0.15461465271170313
37716,Accenture,0.01832460732984293,1183.1000000000001,0.21480502313284866
166908,Fundacion Favaloro,0.002617801047120419,0.0,1.0
261117,RedCompradores,0.002617801047120419,0.0,1.0
9215,Drync,0.09424083769633508,0.0,0.9090909090909091
426155,Sincronas,0.005235602094240838,1.0,1.0
261124,KeepSmiling,0.002617801047120419,0.0,1.0
49817,Verious,0.015706806282722512,0.0,0.2191503708698584
267277,WeHaus,0.0013089005235602095,0.0,0.5714285714285714
35860,Shipserv,0.09424083769633508,0.0,0.9090909090909091
488469,CLINC!,0.013089005235602094,320.0,0.14652840396753833
480278,Todos Conectados,0.009162303664921465,6.0,1.0
502807,La Musiquita,0.002617801047120419,0.0,1.0
488472,IAAP,0.006544502617801047,0.0,0.128053585500394
111641,LiveRamp,0.09424083769633508,0.0,0.9090909090909091
31776,Urbita,0.04057591623036649,0.0,0.23861967694566813
578607,SpreadIT Software,0.003926701570680628,0.0,0.8
572469,Patrick's Fine Sodas,0.017015706806282723,0.0,1.0
121910,Ch2m Hill,0.005235602094240838,0.0,0.16129032258064516
109624,Aprentica,0.013089005235602094,632.0,0.2004935225169648
362676,Nuvelar,0.005235602094240838,19.0,0.611111111111111
37948,Richmond Global,0.09424083769633508,0.0,0.9090909090909091
563382,Factor Finanzas,0.005235602094240838,0.0,1.0
339016,cran.io,0.006544502617801047,5.0,0.6
349259,Snoop Consulting,0.007853403141361256,0.0,0.17769272826681246
504909,TengoFree,0.0013089005235602095,0.0,1.0
121934,Huddle Group,0.003926701570680628,0.0,0.5
280619,Salesforce (IPO),0.09424083769633508,0.0,0.9090909090909091
144469,Properati,0.005235602094240838,0.0,0.1441241685144124
218198,Shalon Ventures,0.003926701570680628,0.0,0.20249221183800623
375900,ContactUs.com,0.015706806282722512,0.0,0.2191503708698584
365668,Motio,0.005235602094240838,1.5,1.0
457830,CookUnity,0.013089005235602094,800.4999999999999,0.23330940416367552
457831,Delicatessen Inc,0.003926701570680628,0.0,0.18950437317784258
457832,Later-Cer S.A.,0.003926701570680628,0.0,0.18950437317784258
181355,Aerolineas Argentinas,0.009162303664921465,0.0,0.20337922403003755
107634,Plisten,0.0013089005235602095,0.0,1.0
572531,Patrick's Fine Sodas,0.017015706806282723,0.0,1.0
124022,Banamex,0.003926701570680628,0.0,0.20236612702366127
250047,The LAB Miami,0.04057591623036649,0.0,0.23861967694566813
44161,Schlumberger,0.003926701570680628,0.0,1.0
93317,Picnamic,0.005235602094240838,0.0,0.8333333333333334
101518,Taggify,0.0013089005235602095,0.0,0.6666666666666666
537744,Growth Startups,0.011780104712041885,0.0,0.16962421711899792
49276,Senzari,0.04057591623036649,0.0,0.23861967694566813
323779,EcomExperts,0.006544502617801047,1.3333333333333333,0.16480730223123732
42135,KPMG,0.014397905759162303,3653.938095238099,0.23619186046511625
122008,AIESEC,0.003926701570680628,0.0,0.23792093704245976
40091,Ideame,0.04057591623036649,0.0,0.23861967694566813
496796,Mrk Industries,0.0013089005235602095,0.0,0.37931034482758624
418984,Relock,0.005235602094240838,0.0,0.5833333333333334
418985,Descuentocity,0.006544502617801047,12.0,0.7777777777777777
418986,D'arriens,0.005235602094240838,0.0,0.5833333333333334
418989,AMIA,0.005235602094240838,0.0,0.5833333333333334
75293,Shopear,0.002617801047120419,0.0,0.5063291139240506
597169,Alantu,0.005235602094240838,3.0,1.0
42167,BBDO,0.0013089005235602095,0.0,1.0
396474,Bitmozo,0.002617801047120419,1.0,1.0
37749,JPMorgan,0.0013089005235602095,0.0,1.0
202955,Rachio,0.09424083769633508,0.0,0.9090909090909091
533700,BTCenEspa?ol,0.009162303664921465,0.0,0.17105263157894737
486598,Ropanroll,0.0013089005235602095,0.0,1.0
38088,Avature Crm,0.005235602094240838,0.0,0.22663877266387727
294091,Rocket.la,0.04712041884816754,0.0,0.1912889935256033
33996,GlobalLogic,0.005235602094240838,0.0,0.18227706113292202
31952,JuicyCanvas,0.003926701570680628,0.0,0.8
482518,enBitcoins,0.007853403141361256,645.5,0.1827896512935883
488663,Remuneratio HR,0.002617801047120419,0.0,0.1886244921648288
42532,Infosys Technologies,0.002617801047120419,0.0,0.6666666666666666
193756,Overboost,0.015706806282722512,0.0,0.19987699876998768
533725,Mondome,0.009162303664921465,0.0,0.17105263157894737
519391,Sony Europe,0.010471204188481676,0.0,0.16778523489932887
447713,Pixpol,0.01832460732984293,10252.452380952396,0.2595846645367412
294115,Slik.IO,0.003926701570680628,0.0,0.5599999999999999
23784,Tienda Nube / Nuvem Shop,0.04057591623036649,0.0,0.23861967694566813
183534,500 Mexico City,0.04712041884816754,0.0,0.1912889935256033
40829,Discovery Communications,0.005235602094240838,0.0,0.19472738166566805
58611,Yogome,0.0013089005235602095,0.0,0.1868890166762507
335743,Mejores Mudanzas,0.04712041884816754,0.0,0.1912889935256033
421116,"Technology Partners, Inc.",0.007853403141361256,322.0,0.2192982456140351
439550,Engament,0.003926701570680628,0.0,1.0
81151,Appficient,0.005235602094240838,0.0,0.8333333333333334
25857,U Grok It - Smartphone RFID,0.09424083769633508,0.0,0.9090909090909091
564438,SHOPTIMA,0.005235602094240838,1.0,1.0
279819,BuyNow Worldwide,0.09424083769633508,0.0,0.9090909090909091
298253,Instituto Tecnologico De Buenos Aires,0.002617801047120419,0.0,0.6666666666666666
443662,Forage,0.09424083769633508,0.0,0.9090909090909091
109840,Kimberly-Clark Corporation,0.002617801047120419,0.0,0.6666666666666666
53464,Movile,0.002617801047120419,0.0,0.6666666666666666
599316,laofi.co,0.0013089005235602095,0.0,1.0
424152,Raskovsky & Asociados | Abogados,0.0013089005235602095,0.0,1.0
175390,Acamica,0.015706806282722512,0.0,0.2191503708698584
478505,Avenida,0.010471204188481676,0.3333333333333333,0.5263157894736842
23850,Licensario,0.003926701570680628,0.0,0.5599999999999999
423212,Argentina Exchange,0.003926701570680628,0.0,1.0
434738,Lifehack Malaysia,0.0013089005235602095,0.0,1.0
423214,CourConnect,0.003926701570680628,0.0,1.0
34096,Dataminr,0.09424083769633508,0.0,0.9090909090909091
326961,What Agency,0.006544502617801047,0.0,1.0
326962,Sounds Like Cafe,0.006544502617801047,0.0,1.0
326963,The Real Push Play,0.006544502617801047,0.0,1.0
326964,Damien Gerard Studios,0.006544502617801047,0.0,1.0
97589,Akdemia,0.04057591623036649,0.0,0.23861967694566813
585018,On!,0.006544502617801047,324.0,0.22184300341296928
427324,Coihue LLC (PayCargo.Com) ,0.0013089005235602095,0.0,1.0
597310,Buenchef,0.006544502617801047,0.6666666666666666,0.16137040714995035
488768,LESS,0.002617801047120419,3052.966666666666,0.2387950036737693
243009,VMBC,0.013089005235602094,1115.6999999999987,0.19732847601700063
243010,"Pepun, LLC",0.009162303664921465,0.0,0.17105263157894737
243011,YachtingHoy.com,0.009162303664921465,0.0,0.17105263157894737
243012,4Sail.com.ar,0.009162303664921465,0.0,0.17105263157894737
406070,Explora tu lugar,0.0013089005235602095,0.0,0.1531573986804901
492873,Civis Tortugas Norte,0.002617801047120419,0.0,0.75
79178,Greenpeace,0.002617801047120419,0.0,0.14528386231560125
423244,Fergu.co,0.0013089005235602095,0.0,1.0
362722,AXLOT,0.003926701570680628,0.0,0.18217488789237668
195922,Kaplan Abogados,0.009162303664921465,0.0,0.2230610844200412
218451,Tec de Monterrey (ITESM),0.009162303664921465,0.0,0.1951951951951952
7510,DueProps,0.04057591623036649,0.0,0.23861967694566813
474461,SaferTaxi,0.002617801047120419,0.0,0.6
71006,Wanderable,0.09424083769633508,0.0,0.9090909090909091
302434,correo argentino,0.011780104712041885,0.0,0.16962421711899792
359995,Call UP,0.003926701570680628,0.0,1.0
38244,Orbitz,0.003926701570680628,0.0,0.8
359996,InterPro,0.003926701570680628,0.0,1.0
38251,HP,0.003926701570680628,0.0,0.6666666666666666
470381,SUSHIPOP,0.013089005235602094,800.4999999999999,0.23330940416367552
482670,Destinably,0.0013089005235602095,0.0,1.0
505202,Chabad House Belgrano,0.009162303664921465,0.0,0.6666666666666666
251252,FirstJob.me,0.04712041884816754,0.0,0.1912889935256033
505205,Wolfsohn Community Center,0.009162303664921465,0.0,0.6666666666666666
537977,Just DOxIT,0.0013089005235602095,0.0,0.4137931034482759
387466,Pocket Night,0.003926701570680628,0.0,1.0
62848,Hoffmann-La Roche,0.002617801047120419,0.0,0.1886244921648288
38278,Ericsson,0.005235602094240838,0.0,0.16129032258064516
495169,Wabash and Lake Marketing Inc,0.005235602094240838,0.0,0.46153846153846156
470417,Snaggy,0.010471204188481676,39.0,0.6666666666666666
331159,Venzee,0.04712041884816754,0.0,0.1912889935256033
42394,EDS,0.003926701570680628,0.0,0.5
267676,Nubity,0.04712041884816754,0.0,0.1912889935256033
185760,VONTRAVEL,0.04712041884816754,0.0,0.1912889935256033
40359,Nextel Communications,0.011780104712041885,0.0,0.16962421711899792
503208,SKINSTRUCTOR,0.007853403141361256,9.0,1.0
177577,DouZen,0.015706806282722512,0.0,0.2191503708698584
175531,uBiome,0.009162303664921465,0.0,0.5228758169934641
503212,Michigan Software,0.003926701570680628,0.0,0.6666666666666666
226733,Globant (Sistemas Globales SA),0.005235602094240838,0.0,0.16971279373368145
423346,Envioz,0.002617801047120419,0.0,0.15116279069767444
122295,Wanderu,0.09424083769633508,0.0,0.9090909090909091
503224,ICLUB,0.003926701570680628,0.0,0.6666666666666666
60857,Southworks,0.002617801047120419,646.0,0.18085698386199223
263612,Growlers,0.04712041884816754,0.0,0.1912889935256033
592844,SINAPTICA SECURITY,0.0013089005235602095,0.0,0.1816657350475126
481851,Golazzo$,0.04057591623036649,0.0,0.23861967694566813
505282,Brit International,0.009162303664921465,0.0,0.6666666666666666
110019,United Nations,0.011780104712041885,0.0,0.16962421711899792
32203,Google,0.011780104712041885,2829.880952380957,0.24828113063407178
349644,Rate For Points,0.007853403141361256,0.0,0.2192982456140351
81358,Kairos,0.04057591623036649,0.0,0.23861967694566813
271826,Construct,0.002617801047120419,0.0,0.6
32211,Groupon,0.0013089005235602095,0.0,1.0
427479,LAUD,0.0013089005235602095,0.0,1.0
497115,Clickayuda,0.002617801047120419,0.0,1.0
259552,IncreaseCard,0.003926701570680628,0.0,0.5599999999999999
296418,Syrmo,0.002617801047120419,0.0,0.5833333333333334
202932,Say Media,0.09424083769633508,0.0,0.9090909090909091
443877,Survey Kiwi,0.002617801047120419,0.0,0.16692347200821778
89576,Bescover,0.04057591623036649,0.0,0.23861967694566813
95725,"Tealeaf Technology, Inc.",0.007853403141361256,0.0,1.0
62963,NYSE,0.002617801047120419,0.0,0.1546882436934793
527862,Symptify,0.04057591623036649,0.0,0.23861967694566813
42490,American Express,0.0013089005235602095,0.0,0.19744835965978128
162730,SparkLabs,0.017015706806282723,0.0,1.0
405474,ReservaResto,0.009162303664921465,481.5,0.16804550155118925
32260,Lifelock,0.002617801047120419,0.0,1.0
42504,MACYS.com,0.007853403141361256,0.0,0.6071428571428572
210519,Shopeando,0.04712041884816754,0.0,0.1912889935256033
212494,Universidad Tecnologica Nacional,0.002617801047120419,0.0,0.5833333333333334
44559,15Five,0.09424083769633508,0.0,0.9090909090909091
79376,Kidbox Internet for Kids,0.015706806282722512,0.0,0.19987699876998768
167881,ShareMyPhone,0.005235602094240838,0.0,0.16971279373368145
285614,LearnerNation,0.04057591623036649,0.0,0.23861967694566813
48664,Boylston Technology Group,0.006544502617801047,0.0,0.5714285714285714
558618,C.A.R.,0.007853403141361256,0.0,0.21353482260183967
327599,Konfio,0.04712041884816754,0.0,0.1912889935256033
63004,Monsanto,0.002617801047120419,0.0,0.1991421568627451
519709,Inclusion Hub,0.009162303664921465,6.0,1.0
579102,WAYMEDIA,0.002617801047120419,0.0,0.18005540166204986
36386,Giftly,0.09424083769633508,0.0,0.9090909090909091
83492,ConvertMyFlash,0.003926701570680628,0.0,0.8
359974,Koala Groupe,0.0013089005235602095,0.0,1.0
227932,Civitaslabs,0.015706806282722512,0.0,0.19987699876998768
247338,Hubstaff,0.007853403141361256,0.0,0.2192982456140351
50743,Hunt Mobile Ads,0.010471204188481676,0.0,0.23705324580598106
359992,MenuDG,0.003926701570680628,0.0,1.0
359994,Banco Ita? Argentina SA,0.003926701570680628,0.0,1.0
43615,Procter & Gamble,0.0013089005235602095,0.0,1.0
48700,United States Marine Corps,0.002617801047120419,0.0,1.0
370237,Admodal,0.002617801047120419,0.0,1.0
495168,Phaedrus Import Company,0.005235602094240838,0.0,0.46153846153846156
364097,RouteAtlas,0.002617801047120419,0.0,0.6666666666666666
495170,Nautica Viajes,0.005235602094240838,0.0,0.46153846153846156
429636,M-D2,0.007853403141361256,0.0,1.0
452166,Goursocial.com,0.003926701570680628,0.0,0.5217391304347826
53246,Nanigans,0.003926701570680628,0.0,1.0
630863,On Assignment Lab Support,0.002617801047120419,0.0,0.53125
235084,TomorrowDigital,0.002617801047120419,0.0,0.6666666666666666
175693,SimpleLogin,0.003926701570680628,0.0,0.18248175182481752
440000,Socialtools,0.003926701570680628,0.0,0.5
376401,holdy,0.003926701570680628,0.0,1.0
38857,Sony Computer Entertainment America,0.005235602094240838,0.0,0.1896149358226371
501332,Confirmame,0.0013089005235602095,0.0,1.0
50446,Canonical Ltd (Makers of Ubuntu),0.002617801047120419,0.0,1.0
120761,Cloodie,0.003926701570680628,0.0,1.0
69208,Endeavor,0.011780104712041885,0.0,0.16962421711899792
427609,Gil Penchina Backers Fund I,0.09424083769633508,0.0,0.9090909090909091
527962,Nerve Wearables,0.005235602094240838,5.0,1.0
253535,"Friends, Family, and Founders",0.0013089005235602095,0.0,1.0
32357,Playdom,0.003926701570680628,0.0,0.8
157290,ALAYA Capital Partners,0.005235602094240838,0.0,0.19566526189042746
46702,J.P. Morgan,0.005235602094240838,0.0,0.22169167803547066
46013,Wunderman,0.003926701570680628,0.0,1.0
425585,Sapho,0.09424083769633508,0.0,0.9090909090909091
464499,BillBit,0.002617801047120419,0.0,1.0
22135,Seamless Medical Systems,0.002617801047120419,0.0,0.6666666666666666
358009,ComeCasero,0.002617801047120419,0.0,0.18065591995553085
110204,Baker & Mckenzie,0.003926701570680628,0.0,0.4782608695652174
265853,Techint,0.009162303664921465,0.0,0.23398128149748024
226942,Clicky,0.003926701570680628,0.0,0.16447368421052633
364159,All Shoppings,0.005235602094240838,5.0,1.0
364165,Inodes IT,0.002617801047120419,0.0,0.6666666666666666
51816,Private Advising,0.04057591623036649,0.0,0.23861967694566813
118411,ZupCat,0.0013089005235602095,0.0,0.39285714285714285
468621,Aptugo,0.006544502617801047,0.0,0.5714285714285714
67214,Quolaw,0.015706806282722512,0.0,0.2191503708698584
419477,Documenta,0.003926701570680628,0.0,0.8
42649,Goodyear,0.009162303664921465,0.0,0.20337922403003755
50844,Tenaris,0.01832460732984293,852.8000000000005,0.20465994962216627
419487,Sport Tour Punta del Este,0.003926701570680628,0.0,0.8
503459,Swapig,0.005235602094240838,4.0,1.0
358053,Matias Crespillo,0.0013089005235602095,0.0,0.18005540166204986
503463,bbcreativos.com,0.002617801047120419,0.0,0.6666666666666666
503464,TIendaFemme.com,0.002617801047120419,0.0,0.6666666666666666
421148,Oracle Caribbean,0.003926701570680628,0.0,0.1801552106430155
153269,Fulbright Association,0.010471204188481676,0.0,0.16778523489932887
153271,Universidad de Monterrey,0.010471204188481676,0.0,0.16778523489932887
153273,Fulbright Academy,0.010471204188481676,0.0,0.16778523489932887
439997,USound,0.003926701570680628,0.0,0.5
439998,Dynaflows,0.003926701570680628,0.0,0.5
578165,Booster,0.006544502617801047,806.5,0.2192982456140351
44736,Consulting,0.007853403141361256,0.0,1.0
362784,Arzion,0.003926701570680628,0.0,0.18217488789237668
155332,Prompt.ly,0.09424083769633508,0.0,0.9090909090909091
83654,Starbucks Coffee Company,0.0013089005235602095,0.0,1.0
491209,MobApp Labs,0.002617801047120419,0.0,0.34285714285714286
349899,Fine Art Cuisine,0.0013089005235602095,0.0,1.0
403148,Bitcoin Brothers S.R.L,0.006544502617801047,321.5,0.1826869027543564
116430,Sony Electronics,0.005235602094240838,0.0,0.1896149358226371
40656,Citibank,0.013089005235602094,1256.4666666666665,0.2255378209576683
348792,Binder,0.003926701570680628,0.0,1.0
32472,Sybase,0.007853403141361256,0.0,1.0
55004,Netli,0.0013089005235602095,0.0,1.0
483041,W3 Americas,0.005235602094240838,0.0,0.7
173796,Vango ,0.09424083769633508,0.0,0.9090909090909091
460517,Remodelante,0.002617801047120419,0.0,1.0
460519,TGLT,0.002617801047120419,0.0,1.0
450282,Rodati,0.10209424083769633,140.3333333333333,0.9756097560975611
626413,Westpak,0.007853403141361256,0.0,0.6071428571428572
626417,Anderson and Associates,0.007853403141361256,0.0,0.6071428571428572
55027,LinkedStore-Argentina,0.04057591623036649,0.0,0.23861967694566813
23166,Mural.ly,0.04057591623036649,0.0,0.23861967694566813
77562,Inter-American Development Bank,0.009162303664921465,0.0,0.2230610844200412
42752,Halliburton,0.005235602094240838,0.0,0.21900269541778974
61190,Everis,0.002617801047120419,0.0,0.15116279069767444
505607,AS Control,0.0013089005235602095,0.0,1.0
34570,LearnVest,0.09424083769633508,0.0,0.9090909090909091
36619,Sumavisos,0.005235602094240838,0.0,0.1441241685144124
235278,Moment,0.002617801047120419,0.0,1.0
423213,IN Buenos Aires,0.003926701570680628,0.0,1.0
42768,JPMorgan Chase,0.0013089005235602095,0.0,0.6
317202,Leaducate,0.005235602094240838,645.9999999999999,0.23214285714285715
227092,Euromonitor International,0.0013089005235602095,0.0,0.39285714285714285
268058,Balam,0.04712041884816754,0.0,0.1912889935256033
214812,Blinkfire Analytics,0.09424083769633508,0.0,0.9090909090909091
286000,DCDB Group,0.006544502617801047,0.0,0.6470588235294118
42791,Navigant Consulting,0.002617801047120419,0.0,0.6666666666666666
415986,Cobalt Biofuels,0.006544502617801047,0.0,0.5862068965517242
358186,Bual?! Jobs,0.005235602094240838,1.5,1.0
618283,StoreLevel,0.04712041884816754,0.0,0.1912889935256033
87852,Workana,0.04057591623036649,0.0,0.23861967694566813
453938,Gitcolony,0.010471204188481676,454.33333333333616,0.2353367125271542
505646,Capta360,0.005235602094240838,0.0,1.0
61231,Betable,0.09424083769633508,0.0,0.9090909090909091
606000,Actuame,0.002617801047120419,0.0,1.0
606003,ASIC Runner,0.002617801047120419,0.0,1.0
606004,Coloors,0.002617801047120419,0.0,1.0
120630,Populy Games,0.04712041884816754,0.0,0.1912889935256033
120631,Telecom Argentina,0.002617801047120419,0.0,0.34285714285714286
542735,WAMbloc,0.009162303664921465,8.0,0.7333333333333334
505657,CAPTA360 Chile,0.005235602094240838,0.0,1.0
81887,DondeQuieras.TV,0.04712041884816754,0.0,0.1912889935256033
106308,Pathful,0.09424083769633508,0.0,0.9090909090909091
216903,Hebrew University of Jerusalem,0.009162303664921465,0.0,0.6666666666666666
18253,Landfrog,0.017015706806282723,0.0,1.0
18254,Innovus Multimedia,0.017015706806282723,0.0,1.0
56973,BNP Paribas Cardif,0.005235602094240838,0.0,0.24866105585309872
157521,Leap.it,0.09424083769633508,0.0,0.9090909090909091
85842,Whisper,0.015706806282722512,0.0,0.2191503708698584
583509,Semtive,0.005235602094240838,646.9999999999999,0.23214285714285715
499544,CLINC!,0.013089005235602094,320.0,0.14652840396753833
499545,10movil,0.009162303664921465,0.0,0.14633048176497074
499546,bajamusica.com,0.009162303664921465,0.0,0.14633048176497074
499547,starts cafe digital,0.009162303664921465,0.0,0.14633048176497074
402064,Keikendo,0.003926701570680628,0.0,0.5
327523,Radford,0.0013089005235602095,0.0,1.0
111948,Sportsmanias,0.04057591623036649,0.0,0.23861967694566813
501611,Linguoo,0.003926701570680628,0.0,0.6666666666666666
178029,MD Insider,0.09424083769633508,0.0,0.9090909090909091
612207,Ingame,0.002617801047120419,324.0,0.15337423312883436
577392,Studio Matrix,0.006544502617801047,0.0,1.0
261438,Grove Labs,0.09424083769633508,0.0,0.9090909090909091
286583,DC Ventures,0.006544502617801047,0.0,0.6470588235294118
92029,Nektra Advanced Computing,0.003926701570680628,0.0,0.19196692262256349
139134,Terra Networks,0.005235602094240838,0.0,0.19472738166566805
229353,Advanced Fibre Communications,0.009162303664921465,0.0,0.1951951951951952
572737,Argentine Fulbright Alumni Association,0.010471204188481676,0.0,0.16778523489932887
509834,Wayni & WayniCoin,0.003926701570680628,160.0,0.23636363636363636
434059,WorkLife,0.09424083769633508,0.0,0.9090909090909091
53132,L'Oreal,0.005235602094240838,0.0,0.2066115702479339
518030,HydroBio,0.005235602094240838,4.0,1.0
42896,Vonage,0.007853403141361256,0.0,1.0
274322,Sustentator,0.010471204188481676,0.0,0.23705324580598106
109382,Viralica,0.015706806282722512,0.0,0.19987699876998768
463513,The Exxel Group,0.006544502617801047,0.0,1.0
273732,Recarga.com,0.01832460732984293,2391.1095238095268,0.26815181518151815
215222,Hipcamp,0.09424083769633508,0.0,0.9090909090909091
155552,Rubicon Global,0.09424083769633508,0.0,0.9090909090909091
32673,Walmart,0.009162303664921465,0.0,0.20337922403003755
495530,Andespace,0.006544502617801047,5.0,0.6
39239,Moon Express,0.09424083769633508,0.0,0.9090909090909091
262062,Auto Chilango,0.04712041884816754,0.0,0.1912889935256033
40879,Thomson Reuters,0.005235602094240838,20.0,0.48
104369,Appficient! ,0.005235602094240838,0.0,0.8333333333333334
263155,Clontech Labs,0.006544502617801047,0.0,0.5862068965517242
544692,CodeCoWorking,0.01832460732984293,1990.0,0.21494708994708994
23198,Conekta,0.04712041884816754,0.0,0.1912889935256033
532406,"The Delian Group, LLC",0.006544502617801047,0.0,1.0
571321,Staples,0.002617801047120419,0.0,0.14528386231560125
260573,Sellpad,0.04712041884816754,0.0,0.1912889935256033
492874,3 de copas,0.002617801047120419,0.0,0.75
47093,Fenwick and West,0.009162303664921465,0.0,0.2230610844200412
4032,Conference Hound,0.04057591623036649,0.0,0.23861967694566813
145348,SingTel,0.009162303664921465,0.0,0.23398128149748024
577477,Via Simple,0.003926701570680628,0.0,1.0
544712,ITR Resources,0.006544502617801047,0.0,0.1774017467248908
544713,C-Net,0.006544502617801047,0.0,0.1774017467248908
231371,SmartVision Latam,0.002617801047120419,0.0,1.0
124876,Genwords,0.051047120418848166,2332.4999999999995,0.2412769116555308
202471,Get on Board,0.005235602094240838,0.0,0.1441241685144124
28625,Soldsie,0.017015706806282723,0.0,1.0
51145,Self Employed,0.013089005235602094,45.0,0.8571428571428571
170659,Wishbird Experiences,0.04712041884816754,0.0,0.1912889935256033
327637,"Advanced Materials Processing, Inc",0.007853403141361256,0.0,0.2192982456140351
268247,Diligence LLC,0.006544502617801047,0.0,1.0
385359,Sarsys,0.005235602094240838,0.0,0.55
401375,FG Angels Syndicate Fund I,0.09424083769633508,0.0,0.9090909090909091
385360,House of Representatives of Buenos Aires Province,0.005235602094240838,0.0,0.55
184290,I am at,0.0013089005235602095,0.0,1.0
385361,Cladentech S.A.,0.005235602094240838,0.0,0.55
25596,VigLink,0.002617801047120419,0.0,0.53125
45034,Webs,0.003926701570680628,0.0,1.0
48807,BCG,0.009162303664921465,0.0,0.23398128149748024
266221,FACTURAMA,0.04712041884816754,0.0,0.1912889935256033
166909,QServices,0.002617801047120419,0.0,1.0
350192,Moodsy,0.009162303664921465,324.0,0.21944632005401754
385363,Cluster Tucuman Technology,0.005235602094240838,0.0,0.55
280574,Carlypso,0.09424083769633508,0.0,0.9090909090909091
272724,Outlaw Productions,0.009162303664921465,0.0,0.2090032154340836
505853,E-volution (Argentina),0.005235602094240838,0.0,1.0
505854,Kaizen Interactive,0.005235602094240838,0.0,1.0
505855,Two Shamas,0.005235602094240838,0.0,1.0
